sadmission,ProfilePhoto
P12701,P12701.jpg
P12474,P12474.jpg
P12473,P12473.jpg
P12393,P12393.jpg
P12482,P12482.jpg
P12838,P12838.jpg
P12472,P12472.jpg
P12484,P12484.jpg
P12926,P12926.jpg
P12773,P12773.jpg
P12468,P12468.jpg
P13043,P13043.jpg
P12467,P12467.jpg
P12577,P12577.jpg
P12546,P12546.jpg
P12889,P12889.jpg
P12665,P12665.jpg
P12485,P12485.jpg
P12470,P12470.jpg
P12878,P12878.jpg
P12549,P12549.jpg
P12387,P12387.jpg
P12777,P12777.jpg
P12464,P12464.jpg
P12475,P12475.jpg
P12476,P12476.jpg
P12465,P12465.jpg
P12394,P12394.jpg
P13010,P13010.jpg
P13011,P13011.jpg
P13040,P13040.jpg
P12519,P12519.jpg
P12374,P12374.jpg
P12782,P12782.jpg
P12462,P12462.jpg
P12391,P12391.jpg
P12388,P12388.jpg
P12456,P12456.jpg
P12376,P12376.jpg
P12449,P12449.jpg
P12582,P12582.jpg
P12377,P12377.jpg
P12516,P12516.jpg
P12537,P12537.jpg
P12447,P12447.jpg
P12450,P12450.jpg
P13060,P13060.jpg
P12700,P12700.jpg
P12380,P12380.jpg
P12386,P12386.jpg
P12445,P12445.jpg
P12720,P12720.jpg
P12522,P12522.jpg
P13044,P13044.jpg
P13041,P13041.jpg
P12559,P12559.jpg
P12560,P12560.jpg
P12779,P12779.jpg
P12431,P12431.jpg
P12372,P12372.jpg
P12446,P12446.jpg
P12452,P12452.jpg
P12771,P12771.jpg
P12373,P12373.jpg
P12570,P12570.jpg
P12458,P12458.jpg
P12666,P12666.jpg
P12521,P12521.jpg
P12457,P12457.jpg
P12459,P12459.jpg
P12918,P12918.jpg
P12890,P12890.jpg
P14600,P14600.jpg
P12783,P12783.jpg
P12385,P12385.jpg
P12451,P12451.jpg
P12778,P12778.jpg
P12915,P12915.jpg
P12426,P12426.jpg
P12885,P12885.jpg
P12480,P12480.jpg
P13042,P13042.jpg
P12520,P12520.jpg
P12518,P12518.jpg
P12379,P12379.jpg
P12378,P12378.jpg
P12667,P12667.jpg
P12565,P12565.jpg
P12698,P12698.jpg
P12478,P12478.jpg
P12566,P12566.jpg
P13062,P13062.jpg
P12962,P12962.jpg
P12453,P12453.jpg
P12772,P12772.jpg
P12558,P12558.jpg
P12454,P12454.jpg
P12448,P12448.jpg
P12458,P12458.jpg
P12776,P12776.jpg
P12382,P12382.jpg
P12435,P12435.jpg
P12775,P12775.jpg
P12437,P12437.jpg
P12538,P12538.jpg
P12439,P12439.jpg
P12548,P12548.jpg
P12436,P12436.jpg
P12420,P12420.jpg
P12551,P12551.jpg
P12432,P12432.jpg
P12461,P12461.jpg
P12597,P12597.jpg
P12663,P12663.jpg
P12697,P12697.jpg
P12423,P12423.jpg
P12429,P12429.jpg
P12440,P12440.jpg
P12563,P12563.jpg
P12774,P12774.jpg
P12424,P12424.jpg
P12517,P12517.jpg
P12515,P12515.jpg
P12389,P12389.jpg
P12438,P12438.jpg
P12427,P12427.jpg
P12433,P12433.jpg
P12443,P12443.jpg
P12430,P12430.jpg
P12425,P12425.jpg
P12428,P12428.jpg
P12441,P12441.jpg
P12444,P12444.jpg
P12942,P12942.jpg
P13082,P13082.jpg
P12421,P12421.jpg
P12381,P12381.jpg
P12442,P12442.jpg
P12302,P12302.jpg
P12220,P12220.jpg
P12305,P12305.jpg
P12169,P12169.jpg
P12308,P12308.jpg
P12301,P12301.jpg
P12400,P12400.jpg
P12298,P12298.jpg
P12296,P12296.jpg
P12306,P12306.jpg
P12401,P12401.jpg
P13019,P13019.jpg
P13014,P13014.jpg
P12689,P12689.jpg
P12221,P12221.jpg
P12300,P12300.jpg
P12214,P12214.jpg
P12395,P12395.jpg
P12335,P12335.jpg
P12211,P12211.jpg
P13067,P13067.jpg
P12312,P12312.jpg
P12181,P12181.jpg
P12311,P12311.jpg
P12180,P12180.jpg
P12165,P12165.jpg
P12260,P12260.jpg
P12310,P12310.jpg
P12925,P12925.jpg
P12209,P12209.jpg
P12290,P12290.jpg
P13066,P13066.jpg
P12275,P12275.jpg
P12224,P12224.jpg
P12271,P12271.jpg
P12237,P12237.jpg
P12218,P12218.jpg
P12279,P12279.jpg
P12861,P12861.jpg
P12274,P12274.jpg
P12276,P12276.jpg
P12236,P12236.jpg
P12286,P12286.jpg
P12568,P12568.jpg
P12929,P12929.jpg
P12287,P12287.jpg
P12285,P12285.jpg
P12168,P12168.jpg
P12203,P12203.jpg
P12280,P12280.jpg
P12272,P12272.jpg
P12204,P12204.jpg
P12206,P12206.jpg
P12399,P12399.jpg
P12239,P12239.jpg
P12240,P12240.jpg
P12160,P12160.jpg
P12281,P12281.jpg
P12277,P12277.jpg
P12573,P12573.jpg
P12171,P12171.jpg
P12284,P12284.jpg
P12208,P12208.jpg
P12283,P12283.jpg
P12283,P12283.jpg
P12262,P12262.jpg
P12687,P12687.jpg
P12677,P12677.jpg
P12867,P12867.jpg
P12238,DSC_0445.jpg
P12675,DSC_0446.jpg
P12397,DSC_0448.jpg
P12289,P12289.jpg
P12865,P12865.jpg
P12722,P12722.jpg
P12718,P12718.jpg
P12864,P12864.jpg
P13018,P13018.jpg
P12673,P12673.jpg
P12222,P12222.jpg
P12369,P12369.jpg
P12266,P12266.jpg
P12863,P12863.jpg
P12928,P12928.jpg
P12674,P12674.jpg
P12173,P12173.jpg
P12265,P12265.jpg
P12671,P12671.jpg
P12398,P12398.jpg
P12958,P12958.jpg
P12309,P12309.jpg
P12672,P12672.jpg
P12299,P12299.jpg
P12210,P12210.jpg
P12257,P12257.jpg
P12179,P12179.jpg
P12232,P12232.jpg
P12259,P12259.jpg
P12225,P12225.jpg
P13016,P13016.jpg
P12862,P12862.jpg
P13046,P13046.jpg
P12227,P12227.jpg
P12258,P12258.jpg
P12251,P12251.jpg
P12403,P12403.jpg
P12254,P12254.jpg
P12583,P12583.jpg
P12213,P12213.jpg
P12866,P12866.jpg
P12255,P12255.jpg
P13015,P13015.jpg
P12402,P12402.jpg
P12228,P12228.jpg
P12535,P12535.jpg
P13017,P13017.jpg
P12269,P12269.jpg
P12268,P12268.jpg
P12364,P12364.jpg
P12230,P12230.jpg
P12263,P12263.jpg
P12233,P12233.jpg
P12396,P12396.jpg
P13047,P13047.jpg
P13048,P13048.jpg
P12250,P12250.jpg
P12763,P12763.jpg
P12418,P12418.jpg
P12412,P12412.jpg
P12719,P12719.jpg
P11088,P11088.jpg
P11131,P11131.jpg
P11127,P11127.jpg
P11126,P11126.jpg
P11085,P11085.jpg
P11122,P11122.jpg
P11121,P11121.jpg
P12062,P12062.jpg
P11072,P11072.jpg
P11081,P11081.jpg
P11151,P11151.jpg
P11086,P11086.jpg
P11116,P11116.jpg
P11069,P11069.jpg
P11071,P11071.jpg
P11129,P11129.jpg
P11073,P11073.jpg
P11128,P11128.jpg
P12145,P12145.jpg
P11089,P11089.jpg
P11119,P11119.jpg
P13051,P13051.jpg
P11084,P11084.jpg
P11080,P11080.jpg
P12170,P12170.jpg
P11070,P11070.jpg
P11079,P11079.jpg
P11077,P11077.jpg
P11083,P11083.jpg
P11125,P11125.jpg
P11118,P11118.jpg
P11087,P11087.jpg
P12544,P12544.jpg
P11120,P11120.jpg
P12186,P12186.jpg
P12679,P12679.jpg
P12315,P12315.jpg
P11186,P11186.jpg
P12187,P12187.jpg
P12164,P12164.jpg
P11180,P11180.jpg
P11185,P11185.jpg
P12185,P12185.jpg
P12189,P12189.jpg
P12761,P12761.jpg
P11188,P11188.jpg
P11197,P11197.jpg
P11172,P11172.jpg
P12000,P12000.jpg
P11174,P11174.jpg
P11097,P11097.jpg
P11168,P11168.jpg
P12320,P12320.jpg
P12881,P12881.jpg
P11175,P11175.jpg
P11176,P11176.jpg
P11178,P11178.jpg
P11179,P11179.jpg
P12371,P12371.jpg
P11181,P11181.jpg
P11183,P11183.jpg
P11187,P11187.jpg
P12405,P12405.jpg
P12039,P12039.jpg
P12314,P12314.jpg
P11190,P11190.jpg
,.jpg
P12167,P12167.jpg
P12188,P12188.jpg
P11138,P11138.jpg
P12124,P12124.jpg
P12010,P12010.jpg
P12053,P12053.jpg
P12128,P12128.jpg
P12126,P12126.jpg
P12683,P12683.jpg
P12755,P12755.jpg
P11048,P11048.jpg
P12005,P12005.jpg
P12614,P12614.jpg
P12158,P12158.jpg
P12163,P12163.jpg
P11049,P11049.jpg
P12757,P12757.jpg
P12760,P12760.jpg
P12406,P12406.jpg
P12122,P12122.jpg
P12684,P12684.jpg
P12753,P12753.jpg
P12416,P12416.jpg
P11063,P11063.jpg
P12759,P12759.jpg
P12601,P12601.jpg
P12754,P12754.jpg
P11132,P11132.jpg
P12762,P12762.jpg
P12050,P12050.jpg
P12146,P12146.jpg
P12543,P12543.jpg
P12174,P12174.jpg
P12052,P12052.jpg
P12183,P12183.jpg
P12033,P12033.jpg
P12048,P12048.jpg
P12028,P12028.jpg
P12032,P12032.jpg
P12542,P12542.jpg
P12049,P12049.jpg
P12681,P12681.jpg
P12030,P12030.jpg
P12044,P12044.jpg
P12037,P12037.jpg
P12184,P12184.jpg
P12027,P12027.jpg
P12029,P12029.jpg
P12148,P12148.jpg
P12552,P12552.jpg
P12034,P12034.jpg
P12408,P12408.jpg
P12042,P12042.jpg
P11058,P11058.jpg
P12127,P12127.jpg
P12043,P12043.jpg
P12758,P12758.jpg
P12936,P12936.jpg
P10822,P10822.jpg
P12500,P12500.jpg
P10519,P10519.jpg
P10558,P10558.jpg
P10595,P10595.jpg
P10513,P10513.jpg
P12502,P12502.jpg
P13070,P13070.jpg
P12931,P12931.jpg
P10825,P10825.jpg
P10539,P10539.jpg
P10701,P10701.jpg
P12941,P12941.jpg
P10569,P10569.jpg
P13053,P13053.jpg
P12937,P12937.jpg
P12524,P12524.jpg
P10588,P10588.jpg
P12913,P12913.jpg
P10578,P10578.jpg
P10523,P10523.jpg
P10510,P10510.jpg
P10676,P10676.jpg
P10509,P10509.jpg
P13028,P13028.jpg
P10911,P10911.jpg
P10581,P10581.jpg
P10598,P10598.jpg
P10677,P10677.jpg
P10563,P10563.jpg
P13026,P13026.jpg
P10520,P10520.jpg
P10512,P10512.jpg
P10745,P10745.jpg
P12503,P12503.jpg
P13146,P13146.jpg
P10638,P10638.jpg
P12896,P12896.jpg
P12951,P12951.jpg
P12948,P12948.jpg
P12908,P12908.jpg
P10633,P10633.jpg
P12910,P12910.jpg
P10674,P10674.jpg
P12525,P12525.jpg
P12946,P12946.jpg
P10564,P10564.jpg
P10737,P10737.jpg
P12504,P12504.jpg
P12966,P12966.jpg
P12898,P12898.jpg
P10697,P10697.jpg
P10587,P10587.jpg
P11134,P11134.jpg
P12912,P12912.jpg
P12872,P12872.jpg
P12953,P12953.jpg
P12903,P12903.jpg
P12848,P12848.jpg
P12850,P12850.jpg
P11160,P11160.jpg
P11021,P11021.jpg
P10988,P10988.jpg
P10926,P10926.jpg
P12106,P12106.jpg
P12702,P12702.jpg
P10890,P10890.jpg
P10873,P10873.jpg
P10886,P10886.jpg
P10854,P10854.jpg
P10852,P10852.jpg
P10845,P10845.jpg
P10855,P10855.jpg
P12851,P12851.jpg
P10844,P10844.jpg
P10833,P10833.jpg
P10830,P10830.jpg
P12499,P12499.jpg
P12678,P12678.jpg
P10837,P10837.jpg
P10861,P10861.jpg
P11051,P11051.jpg
P10869,DSC_0096.jpg
P10836,DSC_0097.jpg
P10889,DSC_0098.jpg
P10950,DSC_0099.jpg
P10863,DSC_0100.jpg
P10850,DSC_0101.jpg
P12318,DSC_0102.jpg
P11103,DSC_0103.jpg
P10902,DSC_0105.jpg
P11056,DSC_0111.jpg
P10885,DSC_0112.jpg
P11157,DSC_0117.jpg
P10916,DSC_0118.jpg
P12190,DSC_0122.jpg
P12492,DSC_0129.jpg
P11106,DSC_0131.jpg
P12556,DSC_0132.jpg
P10931,P10931.jpg
P12013,P12013.jpg
P12346,P12346.jpg
P10551,P10551.jpg
P12003,P12003.jpg
P11027,P11027.jpg
P10649,P10649.jpg
P10549,P10549.jpg
P10644,P10644.jpg
P12103,P12103.jpg
P10740,P10740.jpg
P10936,P10936.jpg
P11164,P11164.jpg
P12914,P12914.jpg
P10780,P10780.jpg
P10834,P10834.jpg
P12897,P12897.jpg
P12899,P12899.jpg
P12944,P12944.jpg
P12892,P12892.jpg
P12949,P12949.jpg
P12935,P12935.jpg
P10473,P10473.jpg
P10685,P10685.jpg
P10700,P10700.jpg
P10650,P10650.jpg
P12933,P12933.jpg
P10583,P10583.jpg
P10648,P10648.jpg
P13052,P13052.jpg
P13147,P13147.jpg
P10959,P10959.jpg
P10738,P10738.jpg
P10533,P10533.jpg
P12016,DSC_0171.jpg
P11135,DSC_0172.jpg
P12056,DSC_0173.jpg
P12526,DSC_0174.jpg
P12893,DSC_0175.jpg
P12902,DSC_0176.jpg
P12886,DSC_0177.jpg
P12911,DSC_0178.jpg
P10639,DSC_0179.jpg
P12895,DSC_0180.jpg
P10574,DSC_0181.jpg
P10724,DSC_0182.jpg
P11150,DSC_0183.jpg
P10626,DSC_0184.jpg
P11115,DSC_0185.jpg
P10529,DSC_0186.jpg
P12901,DSC_0187.jpg
P10609,DSC_0188.jpg
P10532,DSC_0189.jpg
P10527,DSC_0190.jpg
P12938,DSC_0191.jpg
P10517,DSC_0192.jpg
P10781,DSC_0193.jpg
P10522,DSC_0194.jpg
P10630,DSC_0195.jpg
P10610,DSC_0196.jpg
P10599,DSC_0197.jpg
P10586,DSC_0198.jpg
P10824,DSC_0199.jpg
P10876,DSC_0200.jpg
P10866,DSC_0202.jpg
P12493,DSC_0203.jpg
P10972,DSC_0204.jpg
P11146,DSC_0205.jpg
P10909,DSC_0206.jpg
P12161,DSC_0209.jpg
P12191,DSC_0210.jpg
P10973,DSC_0211.jpg
P12849,DSC_0212.jpg
P10839,DSC_0214.jpg
P10914,DSC_0216.jpg
P10938,DSC_0217.jpg
P10963,DSC_0218.jpg
P10921,DSC_0219.jpg
P10872,DSC_0220.jpg
P10915,DSC_0221.jpg
P12069,DSC_0224.jpg
P10856,DSC_0225.jpg
P10878,DSC_0226.jpg
P10851,DSC_0227.jpg
P12498,DSC_0228.jpg
P12370,DSC_0230.jpg
P10823,DSC_0231.jpg
P10840,DSC_0232.jpg
P10913,DSC_0233.jpg
P10877,DSC_0234.jpg
P10965,DSC_0236.jpg
P11047,DSC_0237.jpg
P10882,DSC_0238.jpg
P12572,DSC_0239.jpg
P12491,DSC_0242.jpg
P12527,DSC_0244.jpg
P12854,DSC_0246.jpg
P10978,DSC_0248.jpg
P10968,DSC_0249.jpg
P12528,DSC_0251.jpg
P10969,DSC_0252.jpg
P12598,DSC_0254.jpg
P12488,DSC_0255.jpg
P12852,DSC_0256.jpg
P11111,DSC_0257.jpg
P10974,DSC_0264.jpg
P10928,DSC_0265.jpg
P12959,DSC_0267.jpg
P11139,DSC_0268.jpg
P10994,DSC_0272.jpg
P10883,DSC_0273.jpg
P10880,DSC_0274.jpg
P10651,DSC_0275.jpg
P11112,DSC_0276.jpg
P13090,DSC_0277.jpg
P10683,DSC_0278.jpg
P10690,DSC_0279.jpg
P12900,DSC_0280.jpg
P10684,DSC_0281.jpg
P11034,DSC_0282.jpg
P10665,DSC_0283.jpg
P10689,DSC_0284.jpg
P12922,DSC_0285.jpg
P12921,DSC_0286.jpg
P12930,DSC_0287.jpg
P10540,DSC_0288.jpg
P10624,DSC_0289.jpg
P12945,DSC_0290.jpg
P12939,DSC_0291.jpg
P10688,DSC_0292.jpg
P10652,DSC_0293.jpg
P11105,DSC_0294.jpg
P12924,DSC_0295.jpg
P10908,DSC_0296.jpg
P10496,DSC_0297.jpg
P13071,DSC_0299.jpg
P12967,DSC_0300.jpg
N2411,N2411.jpg
C8369,DSC_0118.jpg
C2329,DSC_0119.jpg
C8397,DSC_0123.jpg
C2313,DSC_0125.jpg
C2163,DSC_0126.jpg
C2123,C2123.jpg
C2158,C2158.jpg
C2114,C2114.jpg
C8314,C8314.jpg
C8388,C8388.jpg
C2023,C2023.jpg
C2090,C2090.jpg
C1954,C1954.jpg
C2022,C2022.jpg
C2100,C2100.jpg
C2091,C2091.jpg
C1899,C1899.jpg
C8343,C8343.jpg
C1935,C1935.jpg
C8427,C8427.jpg
C8238,C8238.jpg
C8317,DSC_0103.jpg
C8344,DSC_0104.jpg
C8276,DSC_0105.jpg
C8370,DSC_0106.jpg
C8242,DSC_0107.jpg
C1842,DSC_0085.jpg
C1782,DSC_0086.jpg
C1798,DSC_0087.jpg
C8309,DSC_0088.jpg
P13091,P13091.jpg
P12985,P12985.jpg
,.jpg
P12717,DSC_0043.jpg
P13059,DSC_0044.jpg
P12660,DSC_0062.jpg
P12712,DSC_0082.jpg
,DSC_0083.jpg
P12455,DSC_0033.jpg
P12422,DSC_0035.jpg
P12781,DSC_0036.jpg
P12884,DSC_0027.jpg
P12669,DSC_0031.jpg
P12304,DSC_0032.jpg
P12270,DSC_0037.jpg
P13086,DSC_0069.jpg
P13085,DSC_0070.jpg
P12261,DSC_0080.jpg
P12541,DSC_0045.jpg
P12670,DSC_0046.jpg
P12235,DSC_0048.jpg
P12219,DSC_0049.jpg
P10835,DSC_0054.jpg
P12045,DSC_0055.jpg
P12414,DSC_0056.jpg
P12847,DSC_0057.jpg
P12404,DSC_0058.jpg
P12041,DSC_0059.jpg
P12407,DSC_0060.jpg
P12410,DSC_0073.jpg
P12411,DSC_0074.jpg
P12415,DSC_0075.jpg
P12409,DSC_0076.jpg
P12532,DSC_0078.jpg
P11064,DSC_0051.jpg
P12919,DSC_0052.jpg
P12046,DSC_0063.jpg
P12031,DSC_0064.jpg
P10991,DSC_0011.jpg
P10975,DSC_0012.jpg
P10871,DSC_0015.jpg
P12530,DSC_0028.jpg
P10896,DSC_0029.jpg
P10888,DSC_0068.jpg
P12497,DSC_0042.jpg
P12894,DSC_0004.jpg
P10663,DSC_0005.jpg
P10663,DSC_0006.jpg
P10514,DSC_0007.jpg
P12906,DSC_0008.jpg
P12940,DSC_0021.jpg
P10673,DSC_0022.jpg
P12923,DSC_0023.jpg
P13027,DSC_0025.jpg
P13089,DSC_0081.jpg
N2420,N2420.jpg
N2418,N2418.jpg
N2422,N2422.jpg
N2410,N2410.jpg
N2423,N2423.jpg
N2406,N2406.jpg
,.jpg
N2421,N2421.jpg
N2408,N2408.jpg
N2419,N2419.jpg
N2415,N2415.jpg
N2407,N2407.jpg
N2414,N2414.jpg
N2413,N2413.jpg
,.jpg
,.jpg
N2353,N2353.jpg
N2348,N2348.jpg
N2366,N2366.jpg
N2374,N2374.jpg
N2354,N2354.jpg
N2344,N2344.jpg
N2378,N2378.jpg
,.jpg
N2355,N2355.jpg
N2363,N2363.jpg
,.jpg
N2351,N2351.jpg
N2388,N2388.jpg
N2370,N2370.jpg
2349,2349.jpg
N2425,N2425.jpg
,.jpg
N2289,N2289.jpg
N2404,N2404.jpg
N2371,N2371.jpg
N2359,N2359.jpg
N2364,N2364.jpg
N2426,N2426.jpg
N2434,N2434.jpg
N2392,N2392.jpg
N2428,N2428.jpg
N2429,N2429.jpg
,.jpg
N2431,N2431.jpg
N2432,N2432.jpg
N2442,N2442.jpg
N2261,N2261.jpg
N2373,N2373.jpg
N2372,N2372.jpg
,.jpg
N2430,N2430.jpg
N2427,N2427.jpg
N2391,N2391.jpg
N2386,N2386.jpg
C2358,C2358.jpg
C2336,C2336.jpg
C2265,C2265.jpg
C2279,C2279.jpg
C2159,C2159.jpg
C2252,C2252.jpg
C2264,C2264.jpg
C2380,C2380.jpg
C2383,C2383.jpg
C2362,C2362.jpg
C2251,C2251.jpg
C2357,C2357.jpg
C2276,C2276.jpg
2293,2293.jpg
C8400,C8400.jpg
C8399,C8399.jpg
C2263,C2263.jpg
C2266,C2266.jpg
C2316,C2316.jpg
C2262,C2262.jpg
C2361,C2361.jpg
C2301,C2301.jpg
C2290,C2290.jpg
C2247,C2247.jpg
C2253,C2253.jpg
C2272,C2272.jpg
C2403,C2403.jpg
C2288,C2288.jpg
C2377,C2377.jpg
C2274,C2274.jpg
C2249,C2249.jpg
C2397,C2397.jpg
C2381,C2381.jpg
C2294,C2294.jpg
C8403,C8403.jpg
C8402,C8402.jpg
C8401,C8401.jpg
,.jpg
C2275,C2275.jpg
C2296,C2296.jpg
C2324,C2324.jpg
C2299,C2299.jpg
C2305,C2305.jpg
C2287,C2287.jpg
C2246,C2246.jpg
C2314,C2314.jpg
C8405,C8405.jpg
C2291,C2291.jpg
C2310,C2310.jpg
C2384,C2384.jpg
C2335,C2335.jpg
C2345,C2345.jpg
C2320,C2320.jpg
C2321,C2321.jpg
C2323,C2323.jpg
C2304,C2304.jpg
C2170,C2170.jpg
C8349,C8349.jpg
C8383,C8383.jpg
C8456,C8456.jpg
C2225,C2225.jpg
,.jpg
C2326,C2326.jpg
C8381,C8381.jpg
C8446,C8446.jpg
C8408,C8408.jpg
C2255,C2255.jpg
C2258,C2258.jpg
C2210,C2210.jpg
,.jpg
C2300,C2300.jpg
C2254,C2254.jpg
C2256,C2256.jpg
C2217,C2217.jpg
C2303,C2303.jpg
C2202,C2202.jpg
C8404,C8404.jpg
,.jpg
,.jpg
C8323,C8323.jpg
C2257,C2257.jpg
C2222,C2222.jpg
C8371,C8371.jpg
C8382,C8382.jpg
C2162,C2162.jpg
C2166,C2166.jpg
C2173,C2173.jpg
C2175,C2175.jpg
C2176,C2176.jpg
C2201,C2201.jpg
C2200,C2200.jpg
,.jpg
C2223,C2223.jpg
,.jpg
C2080,C2080.jpg
,.jpg
C2295,C2295.jpg
C8298,C8298.jpg
C2224,C2224.jpg
C8297,C8297.jpg
C2317,C2317.jpg
C2143,C2143.jpg
,.jpg
C8325,C8325.jpg
C8299,C8299.jpg
,.jpg
C2161,C2161.jpg
C8416,C8416.jpg
C8394,C8394.jpg
C8413,C8413.jpg
C8406,C8406.jpg
C8411,C8411.jpg
,.jpg
2164,2164.jpg
C2183,C2183.jpg
C2160,C2160.jpg
C2182,C2182.jpg
C2229,C2229.jpg
C2194,C2194.jpg
C2171,C2171.jpg
C2195,C2195.jpg
C2199,C2199.jpg
C2196,C2196.jpg
C2203,C2203.jpg
C2207,C2207.jpg
C2283,C2283.jpg
C2205,C2205.jpg
C2318,C2318.jpg
C2181,C2181.jpg
C2319,C2319.jpg
,.jpg
C8332,C8332.jpg
C8324,C8324.jpg
C8350,C8350.jpg
C8365,C8365.jpg
C8338,C8338.jpg
C8379,C8379.jpg
C8384,C8384.jpg
C2343,C2343.jpg
C8410,C8410.jpg
C8415,C8415.jpg
C8409,C8409.jpg
C8358,C8358.jpg
C8414,C8414.jpg
C8420,C8420.jpg
C2073,C2073.jpg
C2041,C2041.jpg
C2243,C2243.jpg
C8421,C8421.jpg
C2051,C2051.jpg
C2087,C2087.jpg
C8330,C8330.jpg
C8424,C8424.jpg
C8422,C8422.jpg
,.jpg
C8278,C8278.jpg
C2075,C2075.jpg
C8391,C8391.jpg
C8334,C8334.jpg
C2197,C2197.jpg
C2043,C2043.jpg
C2206,C2206.jpg
C2049,C2049.jpg
C2055,C2055.jpg
C2078,C2078.jpg
C2060,C2060.jpg
C2044,C2044.jpg
C2094,C2094.jpg
C8419,C8419.jpg
C8302,C8302.jpg
C2219,C2219.jpg
C8277,C8277.jpg
C8215,C8215.jpg
C8243,C8243.jpg
C2067,C2067.jpg
C8387,C8387.jpg
C8206,C8206.jpg
C8198,C8198.jpg
C8357,C8357.jpg
C2192,C2192.jpg
C2155,C2155.jpg
C2233,C2233.jpg
C8257,C8257.jpg
C2190,C2190.jpg
C8274,C8274.jpg
C2153,C2153.jpg
C8244,C8244.jpg
C2244,C2244.jpg
,.jpg
C2152,C2152.jpg
C2151,C2151.jpg
,.jpg
,.jpg
C2042,C2042.jpg
C2125,C2125.jpg
C8333,C8333.jpg
,.jpg
C8347,C8347.jpg
C2154,C2154.jpg
C2098,C2098.jpg
C2131,C2131.jpg
C8417,C8417.jpg
C8385,C8385.jpg
,.jpg
C2101,C2101.jpg
C8339,C8339.jpg
C2099,C2099.jpg
C2150,C2150.jpg
,.jpg
C2066,C2066.jpg
C2156,C2156.jpg
C8398,C8398.jpg
C2122,C2122.jpg
C2110,C2110.jpg
C2074,C2074.jpg
C2097,C2097.jpg
C8197,C8197.jpg
C8182,C8182.jpg
C8286,C8286.jpg
C8392,C8392.jpg
C8301,C8301.jpg
C2089,C2089.jpg
C2084,C2084.jpg
C2116,C2116.jpg
C8418,C8418.jpg
C8258,C8258.jpg
C8355,C8355.jpg
C2039,C2039.jpg
C2227,C2227.jpg
C1978,C1978.jpg
C8359,C8359.jpg
C2050,C2050.jpg
C2081,C2081.jpg
,.jpg
C8233,C8233.jpg
C8377,C8377.jpg
C2185,C2185.jpg
C8281,C8281.jpg
C2068,C2068.jpg
C2218,C2218.jpg
C2021,C2021.jpg
C1936,C1936.jpg
C8304,C8304.jpg
C1993,C1993.jpg
C8217,C8217.jpg
C1800,C1800.jpg
C1917,C1917.jpg
C1995,C1995.jpg
C8199,C8199.jpg
C1921,C1921.jpg
C8289,C8289.jpg
C8218,C8218.jpg
C8201,C8201.jpg
C1811,C1811.jpg
C8231,C8231.jpg
C1909,C1909.jpg
C8287,C8287.jpg
C2009,C2009.jpg
C1889,C1889.jpg
C8341,C8341.jpg
C1983,C1983.jpg
C1946,C1946.jpg
C8305,C8305.jpg
C8303,C8303.jpg
C8290,C8290.jpg
C8319,C8319.jpg
C2119,C2119.jpg
C2103,C2103.jpg
C8200,C8200.jpg
C1992,C1992.jpg
C8447,C8447.jpg
C1933,C1933.jpg
C8362,C8362.jpg
C1928,C1928.jpg
C1911,C1911.jpg
C8366,C8366.jpg
C8353,C8353.jpg
C1952,C1952.jpg
C1915,C1915.jpg
C8425,C8425.jpg
C1951,C1951.jpg
C1977,C1977.jpg
C1927,C1927.jpg
C8225,C8225.jpg
C1932,C1932.jpg
C8140,C8140.jpg
C8288,C8288.jpg
C8373,C8373.jpg
C8429,C8429.jpg
C2111,C2111.jpg
C2095,C2095.jpg
C1953,C1953.jpg
C8177,C8177.jpg
C1925,C1925.jpg
C2132,C2132.jpg
C8361,C8361.jpg
C1890,C1890.jpg
C8396,C8396.jpg
C2061,C2061.jpg
C8124,C8124.jpg
C2034,C2034.jpg
C8108,C8108.jpg
C1998,C1998.jpg
C2000,C2000.jpg
C2015,C2015.jpg
C1989,C1989.jpg
C8246,C8246.jpg
C8184,C8184.jpg
C8335,C8335.jpg
C8326,C8326.jpg
C1973,C1973.jpg
C1981,C1981.jpg
C1963,C1963.jpg
C1956,C1956.jpg
C1914,C1914.jpg
C2069,C2069.jpg
C8430,C8430.jpg
C8460,C8460.jpg
C8340,C8340.jpg
C2071,C2071.jpg
C2007,C2007.jpg
C8360,C8360.jpg
C8459,C8459.jpg
C2038,C2038.jpg
C8260,C8260.jpg
C8228,C8228.jpg
C2039,C2039.jpg
C1923,C1923.jpg
C8171,C8171.jpg
C8157,C8157.jpg
C8431,C8431.jpg
C2102,C2102.jpg
C1964,C1964.jpg
C8143,C8143.jpg
C8428,C8428.jpg
C8183,C8183.jpg
C2188,C2188.jpg
C2054,C2054.jpg
C1980,C1980.jpg
C2029,C2029.jpg
C8216,C8216.jpg
C1926,C1926.jpg
C8116,C8116.jpg
C1997,C1997.jpg
C2130,C2130.jpg
C1968,C1968.jpg
C1987,C1987.jpg
C8114,C8114.jpg
C8283,C8283.jpg
C8101,C8101.jpg
C1807,C1807.jpg
C1867,C1867.jpg
C8261,C8261.jpg
C1838,C1838.jpg
C8191,C8191.jpg
C1877,C1877.jpg
C1781,C1781.jpg
C1942,C1942.jpg
C8161,C8161.jpg
C8374,C8374.jpg
C1883,C1883.jpg
,.jpg
C8239,C8239.jpg
C8223,C8223.jpg
C1826,C1826.jpg
C8209,C8209.jpg
C1799,C1799.jpg
C1689,C1689.jpg
C8192,C8192.jpg
C1803,C1803.jpg
C1667,C1667.jpg
C1828,C1828.jpg
C8437,C8437.jpg
C8441,C8441.jpg
C1883,C1883.jpg
C1831,C1831.jpg
C1872,C1872.jpg
C8018,C8018.jpg
C1762,C1762.jpg
C1943,C1943.jpg
C1717,C1717.jpg
C8119,C8119.jpg
C1961,C1961.jpg
C1988,C1988.jpg
C8438,C8438.jpg
C8284,C8284.jpg
C8294,C8294.jpg
C8436,C8436.jpg
C8432,C8432.jpg
C8202,C8202.jpg
C8107,C8107.jpg
C1841,C1841.jpg
C8172,C8172.jpg
C8308,C8308.jpg
C8443,C8443.jpg
C1962,C1962.jpg
C8435,C8435.jpg
C8170,C8170.jpg
C8434,C8434.jpg
C8433,C8433.jpg
C1840,C1840.jpg
C1775,C1775.jpg
C1820,C1820.jpg
C8445,C8445.jpg
C1863,C1863.jpg
C8307,C8307.jpg
C8315,C8315.jpg
C8357,C8357.jpg
C8449,C8449.jpg
C1843,C1843.jpg
C8306,C8306.jpg
C1861,C1861.jpg
C1825,C1825.jpg
C1827,C1827.jpg
C1773,C1773.jpg
C1908,C1908.jpg
C1865,C1865.jpg
C1830,C1830.jpg
C1809,C1809.jpg
C2013,C2013.jpg
C1941,C1941.jpg
C1869,C1869.jpg
C1940,C1940.jpg
C8084,C8084.jpg
C8174,C8174.jpg
C1772,C1772.jpg
C8255,C8255.jpg
C8253,C8253.jpg
C8311,C8311.jpg
C8312,C8312.jpg
C2331,C2331.jpg
C1778,C1778.jpg
C1932,C1932.jpg
C8440,C8440.jpg
C8448,C8448.jpg
C8444,C8444.jpg
C8310,C8310.jpg
N8457,N8457.jpg
C2330,C2330.jpg
C8450,C8450.jpg
C2322,C2322.jpg
C2273,C2273.jpg
C2052,C2052.jpg
C8285,C8285.jpg
C2337,C2337.jpg
C8453,C8453.jpg
C8465,C8465.jpg
C2259,C2259.jpg
C8466,C8466.jpg
C8464,C8464.jpg
C2110,C2110.jpg
C2148,C2148.jpg
C8455,C8455.jpg
C2082,C2082.jpg
C2244,C2244.jpg
C8333,C8333.jpg
C8463,C8463.jpg
C8462,C8462.jpg
C8462,C8462.jpg
C8321,C8321.jpg
P13019,P13019.jpg
P12668,P12668.jpg
P12252,P12252.jpg
P12215,P12215.jpg
,.jpg
,.jpg
P12266,P12266.jpg
P12583,P12583.jpg
P12264,P12264.jpg
P13087,P13087.jpg
P13155,P13155.jpg
P12676,P12676.jpg
P2444,P2444.jpg
N2441,N2441.jpg
N2443,N2443.jpg
N2443,N2443.jpg
N2424,N2424.jpg
N2401,N2401.jpg
N2439,N2439.jpg
N2439,N2439.jpg
N2436,N2436.jpg
N2363,N2363.jpg
N2440,N2440.jpg
N2445,N2445.jpg
N2347,N2347.jpg
C8273,C8273.jpg
C8448,C8448.jpg
C1988,C1988.jpg
C8440,C8440.jpg
C1908,C1908.jpg
C1865,C1865.jpg
P13206,P13206.jpg
P13150,P13150.jpg
P13111,P13111.jpg
P13076,P13076.jpg
P13075,P13075.jpg
P12976,P12976.jpg
P13099,P13099.jpg
P13160,P13160.jpg
P12982,P12982.jpg
P13122,P13122.jpg
P13110,P13110.jpg
P13174,P13174.jpg
P13108,P13108.jpg
P13183,P13183.jpg
,.jpg
P12664,P12664.jpg
P12392,P12392.jpg
P12375,P12375.jpg
,.jpg
P12756,P12756.jpg
P13181,P13181.jpg
P13148,P13148.jpg
P12051,P12051.jpg
P12531,P12531.jpg
P13230,P13230.jpg
P11049,P11049.jpg
P12682,P12682.jpg
P12419,P12419.jpg
P12574,P12574.jpg
P11057,P11057.jpg
P13229,P13229.jpg
13192,13192.jpg
P13223,P13223.jpg
13209,13209.jpg
P13218,P13218.jpg
P12292,P12292.jpg
13195,13195.jpg
P13228,P13228.jpg
P12172,P12172.jpg
P13260,P13260.jpg
P13232,P13232.jpg
P10092,P10092.jpg
P13185,P13185.jpg
P13231,P13231.jpg
P13188,P13188.jpg
C2341,C2341.jpg
C2212,C2212.jpg
C2215,C2215.jpg
C2211,C2211.jpg
C8316,C8316.jpg
C8356,C8356.jpg
C2242,C2242.jpg
C2127,C2127.jpg
C1806,C1806.jpg
P13037,P13037.jpg
P12721,P12721.jpg
P13013,P13013.jpg
P12699,P12699.jpg
P12463,P12463.jpg
P12471,P12471.jpg
P12641,P12641.jpg
P13259,P13259.jpg
P13050,P13050.jpg
P12532,P12532.jpg
P13224,P13224.jpg
P13238,P13238.jpg
P13204,P13204.jpg
P13240,P13240.jpg
P13253,P13253.jpg
P13222,P13222.jpg
P13239,P13239.jpg
P13272,P13272.jpg
P13263,P13263.jpg
P13274,P13274.jpg
P10983,P10983.jpg
P13249,P13249.jpg
P13260,P13260.jpg
P10979,P10979.jpg
P13275,P13275.jpg
P13220,P13220.jpg
P13234,P13234.jpg
P13221,P13221.jpg
P13226,P13226.jpg
P13189,P13189.jpg
P13190,P13190.jpg
P13064,P13064.jpg
P13022,P13022.jpg
P12207,P12207.jpg
P12231,P12231.jpg
P12533,P12533.jpg
P13049,P13049.jpg
P11082,P11082.jpg
P13081,P13081.jpg
P11199,P11199.jpg
P13069,P13069.jpg
P13084,P13084.jpg
P12417,P12417.jpg
P13023,P13023.jpg
P13021,P13021.jpg
P13045,P13045.jpg
P12469,P12469.jpg
P13063,P13063.jpg
P13009,P13009.jpg
P13008,P13008.jpg
P13012,P13012.jpg
P13061,P13061.jpg
P13154,P13154.jpg
P12578,P12578.jpg
P10632,DSC_0021.jpg
P13261,DSC_0067.jpg
P10853,DSC_0076.jpg
,DSC_0085.jpg
,DSC_0086.jpg
P13193,DSC_0087.jpg
P13248,DSC_0093.jpg
P13262,DSC_0094.jpg
P13205,DSC_0095.jpg
,DSC_0104.jpg
P13254,DSC_0106.jpg
P13225,DSC_0107.jpg
P12156,DSC_0108.jpg
P10900,DSC_0109.jpg
P13083,DSC_0110.jpg
P13241,DSC_0113.jpg
P13217,DSC_0114.jpg
P13202,DSC_0115.jpg
P13227,DSC_0116.jpg
P10881,DSC_0119.jpg
P10875,DSC_0120.jpg
P13237,DSC_0121.jpg
P13025,DSC_0123.jpg
P13233,DSC_0124.jpg
P13207,DSC_0125.jpg
,DSC_0126.jpg
P13266,DSC_0127.jpg
P13193,DSC_0128.jpg
P13246,DSC_0130.jpg
,DSC_0133.jpg
P13267,DSC_0134.jpg
P12255,DSC_0135.jpg
P12920,DSC_0170.jpg
P12489,DSC_0201.jpg
P13201,DSC_0207.jpg
P13256,DSC_0208.jpg
P13235,DSC_0213.jpg
P13198,DSC_0215.jpg
,DSC_0222.jpg
P13270,DSC_0223.jpg
P13243,DSC_0229.jpg
P13024,DSC_0235.jpg
P13196,DSC_0240.jpg
P13250,DSC_0241.jpg
P13271,DSC_0243.jpg
P13252,DSC_0245.jpg
P13273,DSC_0247.jpg
P13200,DSC_0250.jpg
P13244,DSC_0253.jpg
P12495,DSC_0258.jpg
P13205,DSC_0259.jpg
P13247,DSC_0260.jpg
P13245,DSC_0261.jpg
,DSC_0266.jpg
P13242,DSC_0269.jpg
P12494,DSC_0270.jpg
P13277,DSC_0298.jpg
N2438,N2438.jpg
N2385,DSC_0315.jpg
N2367,DSC_0316.jpg
N2382,DSC_0324.jpg
N2376,DSC_0327.jpg
N2349,DSC_0331.jpg
N2368,DSC_0333.jpg
C2394,DSC_0394.jpg
C2237,DSC_0418.jpg
C2220,DSC_0426.jpg
C2293,C2293.jpg
N2398,DSC_0345.jpg
N2267,DSC_0352.jpg
C2058,DSC_0434.jpg
C2270,DSC_0435.jpg
C2187,DSC_0448.jpg
C2180,DSC_0450.jpg
C2277,DSC_0452.jpg
C2312,DSC_0459.jpg
C8412,DSC_0462.jpg
C2186,DSC_0470.jpg
C2164,DSC_0471.jpg
C2216,C2216.jpg
C2208,C2208.jpg
C8423,DSC_0547.jpg
C2109,DSC_0550.jpg
C2083,DSC_0551.jpg
C8300,DSC_0555.jpg
C2092,DSC_0562.jpg
C2117,DSC_0567.jpg
C2088,C2088.jpg
